time,y
2022-02-24 09:40:00+05:30,1469.0
2022-02-24 09:42:00+05:30,1466.45
2022-02-24 09:44:00+05:30,1463.15
2022-02-24 09:46:00+05:30,1462.3
2022-02-24 09:48:00+05:30,1459.0
2022-02-24 09:50:00+05:30,1456.35
2022-02-24 09:52:00+05:30,1458.15
2022-02-24 09:54:00+05:30,1457.55
2022-02-24 09:56:00+05:30,1457.3
2022-02-24 09:58:00+05:30,1455.9
2022-02-24 10:00:00+05:30,1457.35
2022-02-24 10:02:00+05:30,1456.45
2022-02-24 10:04:00+05:30,1457.85
2022-02-24 10:06:00+05:30,1457.15
2022-02-24 10:08:00+05:30,1457.85
2022-02-24 10:10:00+05:30,1456.6
2022-02-24 10:12:00+05:30,1458.65
2022-02-24 10:14:00+05:30,1456.95
2022-02-24 10:16:00+05:30,1457.8
2022-02-24 10:18:00+05:30,1459.3
2022-02-24 10:20:00+05:30,1460.45
2022-02-24 10:22:00+05:30,1459.8
2022-02-24 10:24:00+05:30,1461.45
2022-02-24 10:26:00+05:30,1460.9
2022-02-24 10:28:00+05:30,1461.0
2022-02-24 10:30:00+05:30,1460.5
2022-02-24 10:32:00+05:30,1459.8
2022-02-24 10:34:00+05:30,1457.75
2022-02-24 10:36:00+05:30,1457.4
2022-02-24 10:38:00+05:30,1456.45
2022-02-24 10:40:00+05:30,1455.0
2022-02-24 10:42:00+05:30,1458.15
2022-02-24 10:44:00+05:30,1460.35
2022-02-24 10:46:00+05:30,1460.75
2022-02-24 10:48:00+05:30,1461.6
2022-02-24 10:50:00+05:30,1462.0
2022-02-24 10:52:00+05:30,1462.65
2022-02-24 10:54:00+05:30,1462.1
2022-02-24 10:56:00+05:30,1463.25
2022-02-24 10:58:00+05:30,1463.35
2022-02-24 11:00:00+05:30,1463.0
2022-02-24 11:02:00+05:30,1459.85
2022-02-24 11:04:00+05:30,1460.95
2022-02-24 11:06:00+05:30,1460.75
2022-02-24 11:08:00+05:30,1461.0
2022-02-24 11:10:00+05:30,1460.75
2022-02-24 11:12:00+05:30,1462.0
2022-02-24 11:14:00+05:30,1462.15
2022-02-24 11:16:00+05:30,1461.85
2022-02-24 11:18:00+05:30,1463.45
2022-02-24 11:20:00+05:30,1462.05
2022-02-24 11:22:00+05:30,1462.1
2022-02-24 11:24:00+05:30,1461.85
2022-02-24 11:26:00+05:30,1462.0
2022-02-24 11:28:00+05:30,1460.9
2022-02-24 11:30:00+05:30,1461.7
2022-02-24 11:32:00+05:30,1462.9
2022-02-24 11:34:00+05:30,1463.75
2022-02-24 11:36:00+05:30,1466.45
2022-02-24 11:38:00+05:30,1467.9
2022-02-24 11:40:00+05:30,1467.95
2022-02-24 11:42:00+05:30,1467.2
2022-02-24 11:44:00+05:30,1465.35
2022-02-24 11:46:00+05:30,1462.6
2022-02-24 11:48:00+05:30,1463.5
2022-02-24 11:50:00+05:30,1462.7
2022-02-24 11:52:00+05:30,1462.3
2022-02-24 11:54:00+05:30,1463.0
2022-02-24 11:56:00+05:30,1464.25
2022-02-24 11:58:00+05:30,1465.45
2022-02-24 12:00:00+05:30,1462.0
2022-02-24 12:02:00+05:30,1462.65
2022-02-24 12:04:00+05:30,1463.35
2022-02-24 12:06:00+05:30,1463.25
2022-02-24 12:08:00+05:30,1462.45
2022-02-24 12:10:00+05:30,1463.2
2022-02-24 12:12:00+05:30,1463.4
2022-02-24 12:14:00+05:30,1463.7
2022-02-24 12:16:00+05:30,1464.95
2022-02-24 12:18:00+05:30,1465.0
2022-02-24 12:20:00+05:30,1463.45
2022-02-24 12:22:00+05:30,1460.1
2022-02-24 12:24:00+05:30,1461.75
2022-02-24 12:26:00+05:30,1462.35
2022-02-24 12:28:00+05:30,1463.35
2022-02-24 12:30:00+05:30,1463.0
2022-02-24 12:32:00+05:30,1462.35
2022-02-24 12:34:00+05:30,1461.3
2022-02-24 12:36:00+05:30,1460.0
2022-02-24 12:38:00+05:30,1459.7
2022-02-24 12:40:00+05:30,1459.35
2022-02-24 12:42:00+05:30,1458.0
2022-02-24 12:44:00+05:30,1456.65
2022-02-24 12:46:00+05:30,1458.1
2022-02-24 12:48:00+05:30,1456.8
2022-02-24 12:50:00+05:30,1457.5
2022-02-24 12:52:00+05:30,1457.15
2022-02-24 12:54:00+05:30,1457.2
2022-02-24 12:56:00+05:30,1456.85
2022-02-24 12:58:00+05:30,1456.45
2022-02-24 13:00:00+05:30,1456.35
2022-02-24 13:02:00+05:30,1460.0
2022-02-24 13:04:00+05:30,1458.4
2022-02-24 13:06:00+05:30,1458.0
2022-02-24 13:08:00+05:30,1458.0
2022-02-24 13:10:00+05:30,1458.0
2022-02-24 13:12:00+05:30,1457.05
2022-02-24 13:14:00+05:30,1458.0
2022-02-24 13:16:00+05:30,1458.0
2022-02-24 13:18:00+05:30,1455.6
2022-02-24 13:20:00+05:30,1453.45
2022-02-24 13:22:00+05:30,1452.0
2022-02-24 13:24:00+05:30,1451.65
2022-02-24 13:26:00+05:30,1450.95
2022-02-24 13:28:00+05:30,1446.8
2022-02-24 13:30:00+05:30,1447.4
2022-02-24 13:32:00+05:30,1445.6
2022-02-24 13:34:00+05:30,1446.75
2022-02-24 13:36:00+05:30,1447.0
2022-02-24 13:38:00+05:30,1447.65
2022-02-24 13:40:00+05:30,1448.55
2022-02-24 13:42:00+05:30,1449.4
2022-02-24 13:44:00+05:30,1449.3
2022-02-24 13:46:00+05:30,1447.0
2022-02-24 13:48:00+05:30,1449.85
2022-02-24 13:50:00+05:30,1448.4
2022-02-24 13:52:00+05:30,1450.1
2022-02-24 13:54:00+05:30,1451.25
2022-02-24 13:56:00+05:30,1451.2
2022-02-24 13:58:00+05:30,1450.35
2022-02-24 14:00:00+05:30,1448.2
2022-02-24 14:02:00+05:30,1447.35
2022-02-24 14:04:00+05:30,1446.95
2022-02-24 14:06:00+05:30,1445.95
2022-02-24 14:08:00+05:30,1445.1
2022-02-24 14:10:00+05:30,1446.25
2022-02-24 14:12:00+05:30,1446.7
2022-02-24 14:14:00+05:30,1446.55
2022-02-24 14:16:00+05:30,1443.9
2022-02-24 14:18:00+05:30,1443.15
2022-02-24 14:20:00+05:30,1445.3
2022-02-24 14:22:00+05:30,1443.85
2022-02-24 14:24:00+05:30,1444.3
2022-02-24 14:26:00+05:30,1441.0
2022-02-24 14:28:00+05:30,1439.65
2022-02-24 14:30:00+05:30,1439.75
2022-02-24 14:32:00+05:30,1440.95
2022-02-24 14:34:00+05:30,1439.8
2022-02-24 14:36:00+05:30,1439.1
2022-02-24 14:38:00+05:30,1438.1
2022-02-24 14:40:00+05:30,1440.55
2022-02-24 14:42:00+05:30,1440.45
2022-02-24 14:44:00+05:30,1439.9
2022-02-24 14:46:00+05:30,1440.15
2022-02-24 14:48:00+05:30,1439.15
2022-02-24 14:50:00+05:30,1439.7
2022-02-24 14:52:00+05:30,1440.4
2022-02-24 14:54:00+05:30,1438.6
2022-02-24 14:56:00+05:30,1436.5
2022-02-24 14:58:00+05:30,1437.4
2022-02-24 15:00:00+05:30,1435.15
2022-02-24 15:02:00+05:30,1433.05
2022-02-24 15:04:00+05:30,1429.25
2022-02-24 15:06:00+05:30,1427.0
2022-02-24 15:08:00+05:30,1424.3
2022-02-24 15:10:00+05:30,1425.45
2022-02-24 15:12:00+05:30,1423.95
2022-02-24 15:14:00+05:30,1423.65
2022-02-24 15:16:00+05:30,1421.7
2022-02-24 15:18:00+05:30,1417.35
2022-02-24 15:20:00+05:30,1410.95
2022-02-24 15:22:00+05:30,1414.9
2022-02-24 15:24:00+05:30,1410.95
2022-02-24 15:26:00+05:30,1415.0
2022-02-25 09:40:00+05:30,1444.6
2022-02-25 09:42:00+05:30,1445.0
2022-02-25 09:44:00+05:30,1447.9
2022-02-25 09:46:00+05:30,1451.1
2022-02-25 09:48:00+05:30,1452.1
2022-02-25 09:50:00+05:30,1453.0
2022-02-25 09:52:00+05:30,1451.25
2022-02-25 09:54:00+05:30,1456.75
2022-02-25 09:56:00+05:30,1455.7
2022-02-25 09:58:00+05:30,1453.95
2022-02-25 10:00:00+05:30,1453.5
2022-02-25 10:02:00+05:30,1453.75
2022-02-25 10:04:00+05:30,1455.15
2022-02-25 10:06:00+05:30,1453.7
2022-02-25 10:08:00+05:30,1452.0
2022-02-25 10:10:00+05:30,1452.0
2022-02-25 10:12:00+05:30,1454.15
2022-02-25 10:14:00+05:30,1454.7
2022-02-25 10:16:00+05:30,1455.0
2022-02-25 10:18:00+05:30,1455.6
2022-02-25 10:20:00+05:30,1453.0
2022-02-25 10:22:00+05:30,1451.2
2022-02-25 10:24:00+05:30,1451.75
2022-02-25 10:26:00+05:30,1450.75
2022-02-25 10:28:00+05:30,1450.2
2022-02-25 10:30:00+05:30,1450.3
2022-02-25 10:32:00+05:30,1450.7
2022-02-25 10:34:00+05:30,1453.2
2022-02-25 10:36:00+05:30,1452.7
2022-02-25 10:38:00+05:30,1454.0
2022-02-25 10:40:00+05:30,1456.0
2022-02-25 10:42:00+05:30,1458.15
2022-02-25 10:44:00+05:30,1460.0
2022-02-25 10:46:00+05:30,1459.95
2022-02-25 10:48:00+05:30,1462.6
2022-02-25 10:50:00+05:30,1461.65
2022-02-25 10:52:00+05:30,1460.75
2022-02-25 10:54:00+05:30,1462.65
2022-02-25 10:56:00+05:30,1464.0
2022-02-25 10:58:00+05:30,1462.0
2022-02-25 11:00:00+05:30,1461.0
2022-02-25 11:02:00+05:30,1457.5
2022-02-25 11:04:00+05:30,1459.6
2022-02-25 11:06:00+05:30,1459.3
2022-02-25 11:08:00+05:30,1459.95
2022-02-25 11:10:00+05:30,1459.95
2022-02-25 11:12:00+05:30,1458.9
2022-02-25 11:14:00+05:30,1458.9
2022-02-25 11:16:00+05:30,1458.55
2022-02-25 11:18:00+05:30,1460.0
2022-02-25 11:20:00+05:30,1459.95
2022-02-25 11:22:00+05:30,1461.0
2022-02-25 11:24:00+05:30,1460.0
2022-02-25 11:26:00+05:30,1464.65
2022-02-25 11:28:00+05:30,1464.0
2022-02-25 11:30:00+05:30,1460.85
2022-02-25 11:32:00+05:30,1460.0
2022-02-25 11:34:00+05:30,1462.5
2022-02-25 11:36:00+05:30,1462.15
2022-02-25 11:38:00+05:30,1462.35
2022-02-25 11:40:00+05:30,1462.05
2022-02-25 11:42:00+05:30,1462.6
2022-02-25 11:44:00+05:30,1462.2
2022-02-25 11:46:00+05:30,1462.3
2022-02-25 11:48:00+05:30,1462.75
2022-02-25 11:50:00+05:30,1463.7
2022-02-25 11:52:00+05:30,1462.2
2022-02-25 11:54:00+05:30,1461.85
2022-02-25 11:56:00+05:30,1461.65
2022-02-25 11:58:00+05:30,1459.9
2022-02-25 12:00:00+05:30,1457.85
2022-02-25 12:02:00+05:30,1457.55
2022-02-25 12:04:00+05:30,1456.9
2022-02-25 12:06:00+05:30,1454.75
2022-02-25 12:08:00+05:30,1455.35
2022-02-25 12:10:00+05:30,1457.35
2022-02-25 12:12:00+05:30,1457.95
2022-02-25 12:14:00+05:30,1457.85
2022-02-25 12:16:00+05:30,1456.3
2022-02-25 12:18:00+05:30,1456.9
2022-02-25 12:20:00+05:30,1457.0
2022-02-25 12:22:00+05:30,1459.4
2022-02-25 12:24:00+05:30,1459.6
2022-02-25 12:26:00+05:30,1460.0
2022-02-25 12:28:00+05:30,1459.45
2022-02-25 12:30:00+05:30,1459.8
2022-02-25 12:32:00+05:30,1458.05
2022-02-25 12:34:00+05:30,1456.4
2022-02-25 12:36:00+05:30,1456.05
2022-02-25 12:38:00+05:30,1455.65
2022-02-25 12:40:00+05:30,1454.95
2022-02-25 12:42:00+05:30,1454.75
2022-02-25 12:44:00+05:30,1456.7
2022-02-25 12:46:00+05:30,1456.0
2022-02-25 12:48:00+05:30,1455.35
2022-02-25 12:50:00+05:30,1454.3
2022-02-25 12:52:00+05:30,1455.85
2022-02-25 12:54:00+05:30,1458.1
2022-02-25 12:56:00+05:30,1458.3
2022-02-25 12:58:00+05:30,1457.8
2022-02-25 13:00:00+05:30,1458.4
2022-02-25 13:02:00+05:30,1459.35
2022-02-25 13:04:00+05:30,1458.1
2022-02-25 13:06:00+05:30,1456.65
2022-02-25 13:08:00+05:30,1456.5
2022-02-25 13:10:00+05:30,1455.7
2022-02-25 13:12:00+05:30,1456.05
2022-02-25 13:14:00+05:30,1456.85
2022-02-25 13:16:00+05:30,1456.45
2022-02-25 13:18:00+05:30,1456.35
2022-02-25 13:20:00+05:30,1455.8
2022-02-25 13:22:00+05:30,1455.0
2022-02-25 13:24:00+05:30,1455.05
2022-02-25 13:26:00+05:30,1454.4
2022-02-25 13:28:00+05:30,1454.95
2022-02-25 13:30:00+05:30,1456.0
2022-02-25 13:32:00+05:30,1455.05
2022-02-25 13:34:00+05:30,1457.8
2022-02-25 13:36:00+05:30,1457.4
2022-02-25 13:38:00+05:30,1456.05
2022-02-25 13:40:00+05:30,1455.0
2022-02-25 13:42:00+05:30,1454.55
2022-02-25 13:44:00+05:30,1456.3
2022-02-25 13:46:00+05:30,1455.45
2022-02-25 13:48:00+05:30,1457.2
2022-02-25 13:50:00+05:30,1454.5
2022-02-25 13:52:00+05:30,1455.0
2022-02-25 13:54:00+05:30,1455.05
2022-02-25 13:56:00+05:30,1455.9
2022-02-25 13:58:00+05:30,1455.1
2022-02-25 14:00:00+05:30,1454.2
2022-02-25 14:02:00+05:30,1454.6
2022-02-25 14:04:00+05:30,1455.75
2022-02-25 14:06:00+05:30,1455.8
2022-02-25 14:08:00+05:30,1455.7
2022-02-25 14:10:00+05:30,1455.0
2022-02-25 14:12:00+05:30,1454.75
2022-02-25 14:14:00+05:30,1456.1
2022-02-25 14:16:00+05:30,1455.7
2022-02-25 14:18:00+05:30,1456.95
2022-02-25 14:20:00+05:30,1456.8
2022-02-25 14:22:00+05:30,1457.75
2022-02-25 14:24:00+05:30,1461.45
2022-02-25 14:26:00+05:30,1460.2
2022-02-25 14:28:00+05:30,1459.6
2022-02-25 14:30:00+05:30,1459.0
2022-02-25 14:32:00+05:30,1460.55
2022-02-25 14:34:00+05:30,1457.55
2022-02-25 14:36:00+05:30,1452.6
2022-02-25 14:38:00+05:30,1450.65
2022-02-25 14:40:00+05:30,1452.15
2022-02-25 14:42:00+05:30,1453.2
2022-02-25 14:44:00+05:30,1453.85
2022-02-25 14:46:00+05:30,1456.3
2022-02-25 14:48:00+05:30,1456.2
2022-02-25 14:50:00+05:30,1456.75
2022-02-25 14:52:00+05:30,1458.0
2022-02-25 14:54:00+05:30,1458.85
2022-02-25 14:56:00+05:30,1456.3
2022-02-25 14:58:00+05:30,1456.45
2022-02-25 15:00:00+05:30,1456.15
2022-02-25 15:02:00+05:30,1455.15
2022-02-25 15:04:00+05:30,1457.35
2022-02-25 15:06:00+05:30,1456.8
2022-02-25 15:08:00+05:30,1458.35
2022-02-25 15:10:00+05:30,1458.6
2022-02-25 15:12:00+05:30,1457.45
2022-02-25 15:14:00+05:30,1457.05
2022-02-25 15:16:00+05:30,1454.4
2022-02-25 15:18:00+05:30,1452.9
2022-02-25 15:20:00+05:30,1456.45
2022-02-25 15:22:00+05:30,1453.95
2022-02-25 15:24:00+05:30,1454.0
2022-02-25 15:26:00+05:30,1456.35
2022-02-28 09:40:00+05:30,1418.3
2022-02-28 09:42:00+05:30,1418.6
2022-02-28 09:44:00+05:30,1422.85
2022-02-28 09:46:00+05:30,1424.4
2022-02-28 09:48:00+05:30,1422.05
2022-02-28 09:50:00+05:30,1422.7
2022-02-28 09:52:00+05:30,1423.75
2022-02-28 09:54:00+05:30,1422.35
2022-02-28 09:56:00+05:30,1423.15
2022-02-28 09:58:00+05:30,1422.65
2022-02-28 10:00:00+05:30,1422.25
2022-02-28 10:02:00+05:30,1421.65
2022-02-28 10:04:00+05:30,1422.7
2022-02-28 10:06:00+05:30,1422.35
2022-02-28 10:08:00+05:30,1419.75
2022-02-28 10:10:00+05:30,1420.85
2022-02-28 10:12:00+05:30,1419.5
2022-02-28 10:14:00+05:30,1420.0
2022-02-28 10:16:00+05:30,1419.85
2022-02-28 10:18:00+05:30,1421.0
2022-02-28 10:20:00+05:30,1421.5
2022-02-28 10:22:00+05:30,1421.9
2022-02-28 10:24:00+05:30,1420.0
2022-02-28 10:26:00+05:30,1419.2
2022-02-28 10:28:00+05:30,1418.95
2022-02-28 10:30:00+05:30,1418.6
2022-02-28 10:32:00+05:30,1419.0
2022-02-28 10:34:00+05:30,1420.1
2022-02-28 10:36:00+05:30,1419.8
2022-02-28 10:38:00+05:30,1420.05
2022-02-28 10:40:00+05:30,1422.05
2022-02-28 10:42:00+05:30,1420.8
2022-02-28 10:44:00+05:30,1422.1
2022-02-28 10:46:00+05:30,1423.5
2022-02-28 10:48:00+05:30,1421.2
2022-02-28 10:50:00+05:30,1422.65
2022-02-28 10:52:00+05:30,1422.6
2022-02-28 10:54:00+05:30,1424.1
2022-02-28 10:56:00+05:30,1425.45
2022-02-28 10:58:00+05:30,1426.45
2022-02-28 11:00:00+05:30,1424.7
2022-02-28 11:02:00+05:30,1428.4
2022-02-28 11:04:00+05:30,1429.0
2022-02-28 11:06:00+05:30,1430.2
2022-02-28 11:08:00+05:30,1427.5
2022-02-28 11:10:00+05:30,1429.85
2022-02-28 11:12:00+05:30,1428.5
2022-02-28 11:14:00+05:30,1428.4
2022-02-28 11:16:00+05:30,1429.1
2022-02-28 11:18:00+05:30,1424.4
2022-02-28 11:20:00+05:30,1425.9
2022-02-28 11:22:00+05:30,1426.85
2022-02-28 11:24:00+05:30,1428.5
2022-02-28 11:26:00+05:30,1428.35
2022-02-28 11:28:00+05:30,1428.2
2022-02-28 11:30:00+05:30,1429.3
2022-02-28 11:32:00+05:30,1427.95
2022-02-28 11:34:00+05:30,1428.2
2022-02-28 11:36:00+05:30,1427.05
2022-02-28 11:38:00+05:30,1427.0
2022-02-28 11:40:00+05:30,1426.25
2022-02-28 11:42:00+05:30,1425.55
2022-02-28 11:44:00+05:30,1425.7
2022-02-28 11:46:00+05:30,1425.65
2022-02-28 11:48:00+05:30,1426.95
2022-02-28 11:50:00+05:30,1427.55
2022-02-28 11:52:00+05:30,1427.6
2022-02-28 11:54:00+05:30,1428.95
2022-02-28 11:56:00+05:30,1432.4
2022-02-28 11:58:00+05:30,1432.85
2022-02-28 12:00:00+05:30,1435.0
2022-02-28 12:02:00+05:30,1432.8
2022-02-28 12:04:00+05:30,1434.9
2022-02-28 12:06:00+05:30,1435.85
2022-02-28 12:08:00+05:30,1435.7
2022-02-28 12:10:00+05:30,1436.9
2022-02-28 12:12:00+05:30,1435.0
2022-02-28 12:14:00+05:30,1433.65
2022-02-28 12:16:00+05:30,1433.35
2022-02-28 12:18:00+05:30,1431.0
2022-02-28 12:20:00+05:30,1430.4
2022-02-28 12:22:00+05:30,1430.85
2022-02-28 12:24:00+05:30,1432.6
2022-02-28 12:26:00+05:30,1432.55
2022-02-28 12:28:00+05:30,1432.85
2022-02-28 12:30:00+05:30,1433.0
2022-02-28 12:32:00+05:30,1432.5
2022-02-28 12:34:00+05:30,1436.45
2022-02-28 12:36:00+05:30,1436.85
2022-02-28 12:38:00+05:30,1433.75
2022-02-28 12:40:00+05:30,1430.9
2022-02-28 12:42:00+05:30,1430.8
2022-02-28 12:44:00+05:30,1428.7
2022-02-28 12:46:00+05:30,1428.9
2022-02-28 12:48:00+05:30,1427.3
2022-02-28 12:50:00+05:30,1427.6
2022-02-28 12:52:00+05:30,1427.6
2022-02-28 12:54:00+05:30,1426.95
2022-02-28 12:56:00+05:30,1426.05
2022-02-28 12:58:00+05:30,1427.6
2022-02-28 13:00:00+05:30,1427.0
2022-02-28 13:02:00+05:30,1428.0
2022-02-28 13:04:00+05:30,1427.25
2022-02-28 13:06:00+05:30,1429.1
2022-02-28 13:08:00+05:30,1428.6
2022-02-28 13:10:00+05:30,1429.35
2022-02-28 13:12:00+05:30,1429.05
2022-02-28 13:14:00+05:30,1428.0
2022-02-28 13:16:00+05:30,1426.95
2022-02-28 13:18:00+05:30,1426.4
2022-02-28 13:20:00+05:30,1425.45
2022-02-28 13:22:00+05:30,1426.65
2022-02-28 13:24:00+05:30,1426.4
2022-02-28 13:26:00+05:30,1424.75
2022-02-28 13:28:00+05:30,1424.75
2022-02-28 13:30:00+05:30,1425.2
2022-02-28 13:32:00+05:30,1424.8
2022-02-28 13:34:00+05:30,1425.3
2022-02-28 13:36:00+05:30,1426.25
2022-02-28 13:38:00+05:30,1424.75
2022-02-28 13:40:00+05:30,1425.15
2022-02-28 13:42:00+05:30,1425.35
2022-02-28 13:44:00+05:30,1425.4
2022-02-28 13:46:00+05:30,1426.95
2022-02-28 13:48:00+05:30,1425.3
2022-02-28 13:50:00+05:30,1425.0
2022-02-28 13:52:00+05:30,1425.4
2022-02-28 13:54:00+05:30,1425.5
2022-02-28 13:56:00+05:30,1425.4
2022-02-28 13:58:00+05:30,1425.1
2022-02-28 14:00:00+05:30,1425.4
2022-02-28 14:02:00+05:30,1422.7
2022-02-28 14:04:00+05:30,1422.0
2022-02-28 14:06:00+05:30,1422.3
2022-02-28 14:08:00+05:30,1420.9
2022-02-28 14:10:00+05:30,1419.6
2022-02-28 14:12:00+05:30,1422.25
2022-02-28 14:14:00+05:30,1421.35
2022-02-28 14:16:00+05:30,1422.45
2022-02-28 14:18:00+05:30,1424.4
2022-02-28 14:20:00+05:30,1421.85
2022-02-28 14:22:00+05:30,1422.8
2022-02-28 14:24:00+05:30,1422.85
2022-02-28 14:26:00+05:30,1422.35
2022-02-28 14:28:00+05:30,1422.3
2022-02-28 14:30:00+05:30,1421.95
2022-02-28 14:32:00+05:30,1422.5
2022-02-28 14:34:00+05:30,1419.6
2022-02-28 14:36:00+05:30,1421.45
2022-02-28 14:38:00+05:30,1421.3
2022-02-28 14:40:00+05:30,1421.8
2022-02-28 14:42:00+05:30,1422.3
2022-02-28 14:44:00+05:30,1422.1
2022-02-28 14:46:00+05:30,1420.1
2022-02-28 14:48:00+05:30,1421.1
2022-02-28 14:50:00+05:30,1421.25
2022-02-28 14:52:00+05:30,1421.75
2022-02-28 14:54:00+05:30,1422.65
2022-02-28 14:56:00+05:30,1422.05
2022-02-28 14:58:00+05:30,1421.85
2022-02-28 15:00:00+05:30,1422.5
2022-02-28 15:02:00+05:30,1424.8
2022-02-28 15:04:00+05:30,1425.0
2022-02-28 15:06:00+05:30,1429.45
2022-02-28 15:08:00+05:30,1427.2
2022-02-28 15:10:00+05:30,1426.3
2022-02-28 15:12:00+05:30,1425.6
2022-02-28 15:14:00+05:30,1426.05
2022-02-28 15:16:00+05:30,1426.7
2022-02-28 15:18:00+05:30,1427.1
2022-02-28 15:20:00+05:30,1426.0
2022-02-28 15:22:00+05:30,1425.55
2022-02-28 15:24:00+05:30,1426.3
2022-02-28 15:26:00+05:30,1426.2
2022-03-01 09:40:00+05:30,1426.25
2022-03-01 09:42:00+05:30,1426.25
2022-03-01 09:44:00+05:30,1426.25
2022-03-01 09:46:00+05:30,1426.25
2022-03-01 09:48:00+05:30,1426.25
2022-03-01 09:50:00+05:30,1426.25
2022-03-01 09:52:00+05:30,1426.25
2022-03-01 09:54:00+05:30,1426.25
2022-03-01 09:56:00+05:30,1426.25
2022-03-01 09:58:00+05:30,1426.25
2022-03-01 10:00:00+05:30,1426.25
2022-03-01 10:02:00+05:30,1426.25
2022-03-01 10:04:00+05:30,1426.25
2022-03-01 10:06:00+05:30,1426.25
2022-03-01 10:08:00+05:30,1426.25
2022-03-01 10:10:00+05:30,1426.25
2022-03-01 10:12:00+05:30,1426.25
2022-03-01 10:14:00+05:30,1426.25
2022-03-01 10:16:00+05:30,1426.25
2022-03-01 10:18:00+05:30,1426.25
2022-03-01 10:20:00+05:30,1426.25
2022-03-01 10:22:00+05:30,1426.25
2022-03-01 10:24:00+05:30,1426.25
2022-03-01 10:26:00+05:30,1426.25
2022-03-01 10:28:00+05:30,1426.25
2022-03-01 10:30:00+05:30,1426.25
2022-03-01 10:32:00+05:30,1426.25
2022-03-01 10:34:00+05:30,1426.25
2022-03-01 10:36:00+05:30,1426.25
2022-03-01 10:38:00+05:30,1426.25
2022-03-01 10:40:00+05:30,1426.25
2022-03-01 10:42:00+05:30,1426.25
2022-03-01 10:44:00+05:30,1426.25
2022-03-01 10:46:00+05:30,1426.25
2022-03-01 10:48:00+05:30,1426.25
2022-03-01 10:50:00+05:30,1426.25
2022-03-01 10:52:00+05:30,1426.25
2022-03-01 10:54:00+05:30,1426.25
2022-03-01 10:56:00+05:30,1426.25
2022-03-01 10:58:00+05:30,1426.25
2022-03-01 11:00:00+05:30,1426.25
2022-03-01 11:02:00+05:30,1426.25
2022-03-01 11:04:00+05:30,1426.25
2022-03-01 11:06:00+05:30,1426.25
2022-03-01 11:08:00+05:30,1426.25
2022-03-01 11:10:00+05:30,1426.25
2022-03-01 11:12:00+05:30,1426.25
2022-03-01 11:14:00+05:30,1426.25
2022-03-01 11:16:00+05:30,1426.25
2022-03-01 11:18:00+05:30,1426.25
2022-03-01 11:20:00+05:30,1426.25
2022-03-01 11:22:00+05:30,1426.25
2022-03-01 11:24:00+05:30,1426.25
2022-03-01 11:26:00+05:30,1426.25
2022-03-01 11:28:00+05:30,1426.25
2022-03-01 11:30:00+05:30,1426.25
2022-03-01 11:32:00+05:30,1426.25
2022-03-01 11:34:00+05:30,1426.25
2022-03-01 11:36:00+05:30,1426.25
2022-03-01 11:38:00+05:30,1426.25
2022-03-01 11:40:00+05:30,1426.25
2022-03-01 11:42:00+05:30,1426.25
2022-03-01 11:44:00+05:30,1426.25
2022-03-01 11:46:00+05:30,1426.25
2022-03-01 11:48:00+05:30,1426.25
2022-03-01 11:50:00+05:30,1426.25
2022-03-01 11:52:00+05:30,1426.25
2022-03-01 11:54:00+05:30,1426.25
2022-03-01 11:56:00+05:30,1426.25
2022-03-01 11:58:00+05:30,1426.25
2022-03-01 12:00:00+05:30,1426.25
2022-03-01 12:02:00+05:30,1426.25
2022-03-01 12:04:00+05:30,1426.25
2022-03-01 12:06:00+05:30,1426.25
2022-03-01 12:08:00+05:30,1426.25
2022-03-01 12:10:00+05:30,1426.25
2022-03-01 12:12:00+05:30,1426.25
2022-03-01 12:14:00+05:30,1426.25
2022-03-01 12:16:00+05:30,1426.25
2022-03-01 12:18:00+05:30,1426.25
2022-03-01 12:20:00+05:30,1426.25
2022-03-01 12:22:00+05:30,1426.25
2022-03-01 12:24:00+05:30,1426.25
2022-03-01 12:26:00+05:30,1426.25
2022-03-01 12:28:00+05:30,1426.25
2022-03-01 12:30:00+05:30,1426.25
2022-03-01 12:32:00+05:30,1426.25
2022-03-01 12:34:00+05:30,1426.25
2022-03-01 12:36:00+05:30,1426.25
2022-03-01 12:38:00+05:30,1426.25
2022-03-01 12:40:00+05:30,1426.25
2022-03-01 12:42:00+05:30,1426.25
2022-03-01 12:44:00+05:30,1426.25
2022-03-01 12:46:00+05:30,1426.25
2022-03-01 12:48:00+05:30,1426.25
2022-03-01 12:50:00+05:30,1426.25
2022-03-01 12:52:00+05:30,1426.25
2022-03-01 12:54:00+05:30,1426.25
2022-03-01 12:56:00+05:30,1426.25
2022-03-01 12:58:00+05:30,1426.25
2022-03-01 13:00:00+05:30,1426.25
2022-03-01 13:02:00+05:30,1426.25
2022-03-01 13:04:00+05:30,1426.25
2022-03-01 13:06:00+05:30,1426.25
2022-03-01 13:08:00+05:30,1426.25
2022-03-01 13:10:00+05:30,1426.25
2022-03-01 13:12:00+05:30,1426.25
2022-03-01 13:14:00+05:30,1426.25
2022-03-01 13:16:00+05:30,1426.25
2022-03-01 13:18:00+05:30,1426.25
2022-03-01 13:20:00+05:30,1426.25
2022-03-01 13:22:00+05:30,1426.25
2022-03-01 13:24:00+05:30,1426.25
2022-03-01 13:26:00+05:30,1426.25
2022-03-01 13:28:00+05:30,1426.25
2022-03-01 13:30:00+05:30,1426.25
2022-03-01 13:32:00+05:30,1426.25
2022-03-01 13:34:00+05:30,1426.25
2022-03-01 13:36:00+05:30,1426.25
2022-03-01 13:38:00+05:30,1426.25
2022-03-01 13:40:00+05:30,1426.25
2022-03-01 13:42:00+05:30,1426.25
2022-03-01 13:44:00+05:30,1426.25
2022-03-01 13:46:00+05:30,1426.25
2022-03-01 13:48:00+05:30,1426.25
2022-03-01 13:50:00+05:30,1426.25
2022-03-01 13:52:00+05:30,1426.25
2022-03-01 13:54:00+05:30,1426.25
2022-03-01 13:56:00+05:30,1426.25
2022-03-01 13:58:00+05:30,1426.25
2022-03-01 14:00:00+05:30,1426.25
2022-03-01 14:02:00+05:30,1426.25
2022-03-01 14:04:00+05:30,1426.25
2022-03-01 14:06:00+05:30,1426.25
2022-03-01 14:08:00+05:30,1426.25
2022-03-01 14:10:00+05:30,1426.25
2022-03-01 14:12:00+05:30,1426.25
2022-03-01 14:14:00+05:30,1426.25
2022-03-01 14:16:00+05:30,1426.25
2022-03-01 14:18:00+05:30,1426.25
2022-03-01 14:20:00+05:30,1426.25
2022-03-01 14:22:00+05:30,1426.25
2022-03-01 14:24:00+05:30,1426.25
2022-03-01 14:26:00+05:30,1426.25
2022-03-01 14:28:00+05:30,1426.25
2022-03-01 14:30:00+05:30,1426.25
2022-03-01 14:32:00+05:30,1426.25
2022-03-01 14:34:00+05:30,1426.25
2022-03-01 14:36:00+05:30,1426.25
2022-03-01 14:38:00+05:30,1426.25
2022-03-01 14:40:00+05:30,1426.25
2022-03-01 14:42:00+05:30,1426.25
2022-03-01 14:44:00+05:30,1426.25
2022-03-01 14:46:00+05:30,1426.25
2022-03-01 14:48:00+05:30,1426.25
2022-03-01 14:50:00+05:30,1426.25
2022-03-01 14:52:00+05:30,1426.25
2022-03-01 14:54:00+05:30,1426.25
2022-03-01 14:56:00+05:30,1426.25
2022-03-01 14:58:00+05:30,1426.25
2022-03-01 15:00:00+05:30,1426.25
2022-03-01 15:02:00+05:30,1426.25
2022-03-01 15:04:00+05:30,1426.25
2022-03-01 15:06:00+05:30,1426.25
2022-03-01 15:08:00+05:30,1426.25
2022-03-01 15:10:00+05:30,1426.25
2022-03-01 15:12:00+05:30,1426.25
2022-03-01 15:14:00+05:30,1426.25
2022-03-01 15:16:00+05:30,1426.25
2022-03-01 15:18:00+05:30,1426.25
2022-03-01 15:20:00+05:30,1426.25
2022-03-01 15:22:00+05:30,1426.25
2022-03-01 15:24:00+05:30,1426.25
2022-03-01 15:26:00+05:30,1426.25
2022-03-02 09:40:00+05:30,1383.85
2022-03-02 09:42:00+05:30,1384.9
2022-03-02 09:44:00+05:30,1384.85
2022-03-02 09:46:00+05:30,1383.5
2022-03-02 09:48:00+05:30,1380.0
2022-03-02 09:50:00+05:30,1380.0
2022-03-02 09:52:00+05:30,1380.0
2022-03-02 09:54:00+05:30,1378.55
2022-03-02 09:56:00+05:30,1378.7
2022-03-02 09:58:00+05:30,1378.4
2022-03-02 10:00:00+05:30,1379.9
2022-03-02 10:02:00+05:30,1380.0
2022-03-02 10:04:00+05:30,1379.7
2022-03-02 10:06:00+05:30,1380.0
2022-03-02 10:08:00+05:30,1379.55
2022-03-02 10:10:00+05:30,1378.3
2022-03-02 10:12:00+05:30,1377.7
2022-03-02 10:14:00+05:30,1379.45
2022-03-02 10:16:00+05:30,1379.35
2022-03-02 10:18:00+05:30,1379.7
2022-03-02 10:20:00+05:30,1379.25
2022-03-02 10:22:00+05:30,1378.85
2022-03-02 10:24:00+05:30,1379.75
2022-03-02 10:26:00+05:30,1379.3
2022-03-02 10:28:00+05:30,1374.65
2022-03-02 10:30:00+05:30,1373.65
2022-03-02 10:32:00+05:30,1373.05
2022-03-02 10:34:00+05:30,1373.7
2022-03-02 10:36:00+05:30,1372.9
2022-03-02 10:38:00+05:30,1373.05
2022-03-02 10:40:00+05:30,1372.05
2022-03-02 10:42:00+05:30,1372.55
2022-03-02 10:44:00+05:30,1371.3
2022-03-02 10:46:00+05:30,1370.95
2022-03-02 10:48:00+05:30,1371.95
2022-03-02 10:50:00+05:30,1373.05
2022-03-02 10:52:00+05:30,1374.05
2022-03-02 10:54:00+05:30,1373.65
2022-03-02 10:56:00+05:30,1374.9
2022-03-02 10:58:00+05:30,1374.7
2022-03-02 11:00:00+05:30,1374.35
2022-03-02 11:02:00+05:30,1373.9
2022-03-02 11:04:00+05:30,1374.55
2022-03-02 11:06:00+05:30,1374.2
2022-03-02 11:08:00+05:30,1374.5
2022-03-02 11:10:00+05:30,1374.9
2022-03-02 11:12:00+05:30,1374.8
2022-03-02 11:14:00+05:30,1374.1
2022-03-02 11:16:00+05:30,1375.0
2022-03-02 11:18:00+05:30,1375.0
2022-03-02 11:20:00+05:30,1374.35
2022-03-02 11:22:00+05:30,1374.9
2022-03-02 11:24:00+05:30,1374.75
2022-03-02 11:26:00+05:30,1376.45
2022-03-02 11:28:00+05:30,1377.0
2022-03-02 11:30:00+05:30,1377.6
2022-03-02 11:32:00+05:30,1376.85
2022-03-02 11:34:00+05:30,1377.6
2022-03-02 11:36:00+05:30,1374.7
2022-03-02 11:38:00+05:30,1372.95
2022-03-02 11:40:00+05:30,1374.2
2022-03-02 11:42:00+05:30,1373.4
2022-03-02 11:44:00+05:30,1372.85
2022-03-02 11:46:00+05:30,1373.05
2022-03-02 11:48:00+05:30,1373.05
2022-03-02 11:50:00+05:30,1373.05
2022-03-02 11:52:00+05:30,1371.75
2022-03-02 11:54:00+05:30,1370.45
2022-03-02 11:56:00+05:30,1369.1
2022-03-02 11:58:00+05:30,1369.5
2022-03-02 12:00:00+05:30,1369.5
2022-03-02 12:02:00+05:30,1370.15
2022-03-02 12:04:00+05:30,1370.0
2022-03-02 12:06:00+05:30,1369.35
2022-03-02 12:08:00+05:30,1369.55
2022-03-02 12:10:00+05:30,1369.25
2022-03-02 12:12:00+05:30,1369.45
2022-03-02 12:14:00+05:30,1368.3
2022-03-02 12:16:00+05:30,1368.6
2022-03-02 12:18:00+05:30,1369.65
2022-03-02 12:20:00+05:30,1369.45
2022-03-02 12:22:00+05:30,1370.1
2022-03-02 12:24:00+05:30,1368.5
2022-03-02 12:26:00+05:30,1370.9
2022-03-02 12:28:00+05:30,1369.0
2022-03-02 12:30:00+05:30,1368.65
2022-03-02 12:32:00+05:30,1369.0
2022-03-02 12:34:00+05:30,1369.05
2022-03-02 12:36:00+05:30,1367.1
2022-03-02 12:38:00+05:30,1368.1
2022-03-02 12:40:00+05:30,1367.75
2022-03-02 12:42:00+05:30,1368.0
2022-03-02 12:44:00+05:30,1368.55
2022-03-02 12:46:00+05:30,1366.8
2022-03-02 12:48:00+05:30,1366.2
2022-03-02 12:50:00+05:30,1365.45
2022-03-02 12:52:00+05:30,1365.05
2022-03-02 12:54:00+05:30,1363.3
2022-03-02 12:56:00+05:30,1364.0
2022-03-02 12:58:00+05:30,1365.8
2022-03-02 13:00:00+05:30,1368.4
2022-03-02 13:02:00+05:30,1371.0
2022-03-02 13:04:00+05:30,1370.9
2022-03-02 13:06:00+05:30,1372.5
2022-03-02 13:08:00+05:30,1371.75
2022-03-02 13:10:00+05:30,1371.45
2022-03-02 13:12:00+05:30,1369.05
2022-03-02 13:14:00+05:30,1367.8
2022-03-02 13:16:00+05:30,1365.9
2022-03-02 13:18:00+05:30,1364.95
2022-03-02 13:20:00+05:30,1365.6
2022-03-02 13:22:00+05:30,1365.85
2022-03-02 13:24:00+05:30,1364.6
2022-03-02 13:26:00+05:30,1364.15
2022-03-02 13:28:00+05:30,1363.45
2022-03-02 13:30:00+05:30,1362.3
2022-03-02 13:32:00+05:30,1362.5
2022-03-02 13:34:00+05:30,1362.6
2022-03-02 13:36:00+05:30,1361.95
2022-03-02 13:38:00+05:30,1362.5
2022-03-02 13:40:00+05:30,1362.1
2022-03-02 13:42:00+05:30,1361.95
2022-03-02 13:44:00+05:30,1361.05
2022-03-02 13:46:00+05:30,1362.85
2022-03-02 13:48:00+05:30,1361.6
2022-03-02 13:50:00+05:30,1361.55
2022-03-02 13:52:00+05:30,1362.6
2022-03-02 13:54:00+05:30,1362.65
2022-03-02 13:56:00+05:30,1362.85
2022-03-02 13:58:00+05:30,1363.5
2022-03-02 14:00:00+05:30,1363.05
2022-03-02 14:02:00+05:30,1360.1
2022-03-02 14:04:00+05:30,1360.05
2022-03-02 14:06:00+05:30,1361.55
2022-03-02 14:08:00+05:30,1360.5
2022-03-02 14:10:00+05:30,1361.25
2022-03-02 14:12:00+05:30,1360.55
2022-03-02 14:14:00+05:30,1360.45
2022-03-02 14:16:00+05:30,1361.3
2022-03-02 14:18:00+05:30,1360.8
2022-03-02 14:20:00+05:30,1360.5
2022-03-02 14:22:00+05:30,1359.05
2022-03-02 14:24:00+05:30,1359.5
2022-03-02 14:26:00+05:30,1359.4
2022-03-02 14:28:00+05:30,1358.1
2022-03-02 14:30:00+05:30,1357.05
2022-03-02 14:32:00+05:30,1357.8
2022-03-02 14:34:00+05:30,1357.55
2022-03-02 14:36:00+05:30,1355.8
2022-03-02 14:38:00+05:30,1357.55
2022-03-02 14:40:00+05:30,1356.5
2022-03-02 14:42:00+05:30,1357.7
2022-03-02 14:44:00+05:30,1360.2
2022-03-02 14:46:00+05:30,1362.65
2022-03-02 14:48:00+05:30,1363.7
2022-03-02 14:50:00+05:30,1362.05
2022-03-02 14:52:00+05:30,1360.85
2022-03-02 14:54:00+05:30,1362.0
2022-03-02 14:56:00+05:30,1361.45
2022-03-02 14:58:00+05:30,1360.7
2022-03-02 15:00:00+05:30,1361.35
2022-03-02 15:02:00+05:30,1366.05
2022-03-02 15:04:00+05:30,1367.25
2022-03-02 15:06:00+05:30,1368.5
2022-03-02 15:08:00+05:30,1369.0
2022-03-02 15:10:00+05:30,1372.15
2022-03-02 15:12:00+05:30,1372.8
2022-03-02 15:14:00+05:30,1376.0
2022-03-02 15:16:00+05:30,1376.9
2022-03-02 15:18:00+05:30,1377.8
2022-03-02 15:20:00+05:30,1377.2
2022-03-02 15:22:00+05:30,1377.15
2022-03-02 15:24:00+05:30,1379.75
2022-03-02 15:26:00+05:30,1380.4
